{
    "prepare_queue": {
        "installed": [],
        "uninstalled": []
    },
    "config_munge": {
        "files": {
            "AndroidManifest.xml": {
                "parents": {
                    "/manifest/application": [
                        {
                            "xml": "<activity android:configChanges=\"keyboard|keyboardHidden|orientation|screenLayout|uiMode|screenSize|smallestScreenSize\" android:name=\"com.google.android.gms.ads.AdActivity\" android:theme=\"@android:style/Theme.Translucent\" />",
                            "count": 1
                        },
                        {
                            "xml": "<activity android:clearTaskOnLaunch=\"true\" android:configChanges=\"orientation|keyboardHidden|screenSize\" android:exported=\"false\" android:name=\"com.google.zxing.client.android.CaptureActivity\" android:theme=\"@android:style/Theme.NoTitleBar.Fullscreen\" android:windowSoftInputMode=\"stateAlwaysHidden\" />",
                            "count": 1
                        },
                        {
                            "xml": "<activity android:label=\"Share\" android:name=\"com.google.zxing.client.android.encode.EncodeActivity\" />",
                            "count": 1
                        },
                        {
                            "xml": "<receiver android:exported=\"false\" android:name=\"de.appplant.cordova.plugin.localnotification.TriggerReceiver\" />",
                            "count": 1
                        },
                        {
                            "xml": "<receiver android:exported=\"false\" android:name=\"de.appplant.cordova.plugin.localnotification.ClearReceiver\" />",
                            "count": 1
                        },
                        {
                            "xml": "<activity android:exported=\"false\" android:launchMode=\"singleInstance\" android:name=\"de.appplant.cordova.plugin.localnotification.ClickActivity\" android:theme=\"@android:style/Theme.NoDisplay\" />",
                            "count": 1
                        },
                        {
                            "xml": "<receiver android:exported=\"false\" android:name=\"de.appplant.cordova.plugin.notification.TriggerReceiver\" />",
                            "count": 1
                        },
                        {
                            "xml": "<receiver android:exported=\"false\" android:name=\"de.appplant.cordova.plugin.notification.ClearReceiver\" />",
                            "count": 1
                        },
                        {
                            "xml": "<receiver android:exported=\"false\" android:name=\"de.appplant.cordova.plugin.localnotification.RestoreReceiver\"><intent-filter><action android:name=\"android.intent.action.BOOT_COMPLETED\" /></intent-filter></receiver>",
                            "count": 1
                        },
                        {
                            "xml": "<activity android:exported=\"false\" android:launchMode=\"singleInstance\" android:name=\"de.appplant.cordova.plugin.notification.ClickActivity\" android:theme=\"@android:style/Theme.NoDisplay\" />",
                            "count": 1
                        },
                        {
                            "xml": "<service android:name=\"com.homerours.musiccontrols.MusicControlsNotificationKiller\" />",
                            "count": 1
                        }
                    ],
                    "/*": [
                        {
                            "xml": "<uses-permission android:name=\"android.permission.INTERNET\" />",
                            "count": 1
                        },
                        {
                            "xml": "<uses-permission android:name=\"android.permission.ACCESS_NETWORK_STATE\" />",
                            "count": 1
                        },
                        {
                            "xml": "<uses-permission android:name=\"android.permission.RECORD_AUDIO\" />",
                            "count": 2
                        },
                        {
                            "xml": "<uses-permission android:name=\"android.permission.MODIFY_AUDIO_SETTINGS\" />",
                            "count": 2
                        },
                        {
                            "xml": "<uses-permission android:name=\"android.permission.WRITE_EXTERNAL_STORAGE\" />",
                            "count": 5
                        },
                        {
                            "xml": "<uses-permission android:name=\"android.permission.READ_PHONE_STATE\" />",
                            "count": 2
                        },
                        {
                            "xml": "<uses-permission android:name=\"android.permission.ACCESS_COARSE_LOCATION\" />",
                            "count": 1
                        },
                        {
                            "xml": "<uses-permission android:name=\"android.permission.ACCESS_FINE_LOCATION\" />",
                            "count": 1
                        },
                        {
                            "xml": "<uses-feature android:name=\"android.hardware.location.gps\" android:required=\"false\" />",
                            "count": 1
                        },
                        {
                            "xml": "<uses-permission android:name=\"android.permission.READ_EXTERNAL_STORAGE\" />",
                            "count": 1
                        }
                    ],
                    "/manifest": [
                        {
                            "xml": "<uses-permission android:name=\"android.permission.INTERNET\" />",
                            "count": 1
                        },
                        {
                            "xml": "<uses-permission android:name=\"android.permission.ACCESS_NETWORK_STATE\" />",
                            "count": 1
                        },
                        {
                            "xml": "<uses-permission android:name=\"android.permission.ACCESS_WIFI_STATE\" />",
                            "count": 1
                        },
                        {
                            "xml": "<uses-permission android:name=\"android.permission.WRITE_EXTERNAL_STORAGE\" />",
                            "count": 2
                        },
                        {
                            "xml": "<uses-permission android:name=\"android.permission.CAMERA\" />",
                            "count": 1
                        },
                        {
                            "xml": "<uses-permission android:name=\"android.permission.FLASHLIGHT\" />",
                            "count": 1
                        },
                        {
                            "xml": "<uses-feature android:name=\"android.hardware.camera\" android:required=\"true\" />",
                            "count": 1
                        },
                        {
                            "xml": "<uses-permission android:name=\"android.permission.RECEIVE_BOOT_COMPLETED\" />",
                            "count": 1
                        }
                    ]
                }
            },
            "res/xml/config.xml": {
                "parents": {
                    "/*": [
                        {
                            "xml": "<feature name=\"AdMob\"><param name=\"android-package\" value=\"com.rjfun.cordova.admob.AdMobPlugin\" /><param name=\"onload\" value=\"true\" /></feature>",
                            "count": 1
                        },
                        {
                            "xml": "<feature name=\"HotCodePush\"><param name=\"android-package\" value=\"com.nordnetab.chcp.main.HotCodePushPlugin\" /><param name=\"onload\" value=\"true\" /></feature>",
                            "count": 1
                        },
                        {
                            "xml": "<feature name=\"SplashScreen\"><param name=\"android-package\" value=\"org.apache.cordova.splashscreen.SplashScreen\" /><param name=\"onload\" value=\"true\" /></feature>",
                            "count": 1
                        },
                        {
                            "xml": "<feature name=\"BackgroundGeoloc\"><param name=\"android-package\" value=\"com.appsmobilecompany.base.CDVBackgroundGeoloc\" /></feature>",
                            "count": 1
                        },
                        {
                            "xml": "<feature name=\"AppVersion\"><param name=\"android-package\" value=\"uk.co.whiteoctober.cordova.AppVersion\" /></feature>",
                            "count": 1
                        },
                        {
                            "xml": "<feature name=\"Stream\"><param name=\"android-package\" value=\"org.apache.cordova.media.AudioHandler\" /></feature>",
                            "count": 1
                        },
                        {
                            "xml": "<feature name=\"BarcodeScanner\"><param name=\"android-package\" value=\"com.phonegap.plugins.barcodescanner.BarcodeScanner\" /></feature>",
                            "count": 1
                        },
                        {
                            "xml": "<feature name=\"Camera\"><param name=\"android-package\" value=\"org.apache.cordova.camera.CameraLauncher\" /></feature>",
                            "count": 1
                        },
                        {
                            "xml": "<feature name=\"Clipboard\"><param name=\"android-package\" value=\"com.verso.cordova.clipboard.Clipboard\" /></feature>",
                            "count": 1
                        },
                        {
                            "xml": "<feature name=\"Device\"><param name=\"android-package\" value=\"org.apache.cordova.device.Device\" /></feature>",
                            "count": 1
                        },
                        {
                            "xml": "<feature name=\"Notification\"><param name=\"android-package\" value=\"org.apache.cordova.dialogs.Notification\" /></feature>",
                            "count": 1
                        },
                        {
                            "xml": "<feature name=\"File\"><param name=\"android-package\" value=\"org.apache.cordova.file.FileUtils\" /><param name=\"onload\" value=\"true\" /></feature>",
                            "count": 1
                        },
                        {
                            "xml": "<allow-navigation href=\"cdvfile:*\" />",
                            "count": 1
                        },
                        {
                            "xml": "<feature name=\"Geolocation\"><param name=\"android-package\" value=\"org.apache.cordova.geolocation.Geolocation\" /></feature>",
                            "count": 1
                        },
                        {
                            "xml": "<feature name=\"InAppBrowser\"><param name=\"android-package\" value=\"org.apache.cordova.inappbrowser.InAppBrowser\" /></feature>",
                            "count": 1
                        },
                        {
                            "xml": "<feature name=\"Keyboard\"><param name=\"android-package\" value=\"io.ionic.keyboard.IonicKeyboard\" /><param name=\"onload\" value=\"true\" /></feature>",
                            "count": 1
                        },
                        {
                            "xml": "<feature name=\"Media\"><param name=\"android-package\" value=\"org.apache.cordova.media.AudioHandler\" /></feature>",
                            "count": 1
                        },
                        {
                            "xml": "<feature name=\"ProgressView\"><param name=\"android-package\" value=\"de.neofonie.cordova.plugin.progressview.ProgressView\" /></feature>",
                            "count": 1
                        },
                        {
                            "xml": "<feature name=\"SocialSharing\"><param name=\"android-package\" value=\"nl.xservices.plugins.SocialSharing\" /></feature>",
                            "count": 1
                        },
                        {
                            "xml": "<feature name=\"StatusBar\"><param name=\"android-package\" value=\"org.apache.cordova.statusbar.StatusBar\" /><param name=\"onload\" value=\"true\" /></feature>",
                            "count": 1
                        },
                        {
                            "xml": "<feature name=\"Whitelist\"><param name=\"android-package\" value=\"org.apache.cordova.whitelist.WhitelistPlugin\" /><param name=\"onload\" value=\"true\" /></feature>",
                            "count": 1
                        },
                        {
                            "xml": "<feature name=\"LocalNotification\"><param name=\"android-package\" value=\"de.appplant.cordova.plugin.localnotification.LocalNotification\" /></feature>",
                            "count": 1
                        },
                        {
                            "xml": "<feature name=\"OfflineMode\"><param name=\"android-package\" value=\"com.appsmobilecompany.base.OfflineMode\" /><param name=\"onload\" value=\"true\" /></feature>",
                            "count": 1
                        },
                        {
                            "xml": "<feature name=\"Insomnia\"><param name=\"android-package\" value=\"nl.xservices.plugins.Insomnia\" /></feature>",
                            "count": 1
                        },
                        {
                            "xml": "<feature name=\"MusicControls\"><param name=\"android-package\" value=\"com.homerours.musiccontrols.MusicControls\" /></feature>",
                            "count": 1
                        }
                    ]
                }
            },
            "config.xml": {
                "parents": {
                    "/*": [
                        {
                            "xml": "<preference name=\"loadUrlTimeoutValue\" value=\"60000\" />",
                            "count": 1
                        }
                    ]
                }
            }
        }
    },
    "installed_plugins": {
        "cordova-plugin-extension": {
            "PACKAGE_NAME": "com.appsmobilecompany.base"
        },
        "cordova-plugin-admobpro": {
            "PACKAGE_NAME": "com.appsmobilecompany.base"
        },
        "cordova-hot-code-push-plugin": {
            "PACKAGE_NAME": "com.appsmobilecompany.base"
        },
        "cordova-plugin-splashscreen": {
            "PACKAGE_NAME": "com.appsmobilecompany.base"
        },
        "siberian-plugin-backgroundgeoloc": {
            "PACKAGE_NAME": "com.appsmobilecompany.base"
        },
        "cordova-plugin-app-version": {
            "PACKAGE_NAME": "com.appsmobilecompany.base"
        },
        "com.keosu.cordova.stream": {
            "PACKAGE_NAME": "com.appsmobilecompany.base"
        },
        "cordova-plugin-compat": {
            "PACKAGE_NAME": "com.appsmobilecompany.base"
        },
        "phonegap-plugin-barcodescanner": {
            "PACKAGE_NAME": "com.appsmobilecompany.base"
        },
        "cordova-plugin-camera": {
            "PACKAGE_NAME": "com.appsmobilecompany.base"
        },
        "com.verso.cordova.clipboard": {
            "PACKAGE_NAME": "com.appsmobilecompany.base"
        },
        "cordova-plugin-device": {
            "PACKAGE_NAME": "com.appsmobilecompany.base"
        },
        "cordova-plugin-dialogs": {
            "PACKAGE_NAME": "com.appsmobilecompany.base"
        },
        "cordova-plugin-file": {
            "PACKAGE_NAME": "com.appsmobilecompany.base"
        },
        "cordova-plugin-geolocation": {
            "PACKAGE_NAME": "com.appsmobilecompany.base"
        },
        "cordova-plugin-inappbrowser": {
            "PACKAGE_NAME": "com.appsmobilecompany.base"
        },
        "ionic-plugin-keyboard": {
            "PACKAGE_NAME": "com.appsmobilecompany.base"
        },
        "cordova-plugin-media": {
            "PACKAGE_NAME": "com.appsmobilecompany.base"
        },
        "de.neofonie.cordova.plugin.progressview": {
            "PACKAGE_NAME": "com.appsmobilecompany.base"
        },
        "cordova-plugin-x-socialsharing": {
            "PACKAGE_NAME": "com.appsmobilecompany.base"
        },
        "cordova-plugin-statusbar": {
            "PACKAGE_NAME": "com.appsmobilecompany.base"
        },
        "cordova-plugin-whitelist": {
            "PACKAGE_NAME": "com.appsmobilecompany.base"
        },
        "de.appplant.cordova.plugin.local-notification": {
            "PACKAGE_NAME": "com.appsmobilecompany.base"
        },
        "siberian-plugin-offlinemode": {
            "PACKAGE_NAME": "com.appsmobilecompany.base"
        },
        "cordova-plugin-insomnia": {
            "PACKAGE_NAME": "com.appsmobilecompany.base"
        },
        "cordova-plugin-music-controls": {
            "PACKAGE_NAME": "com.appsmobilecompany.base"
        }
    },
    "dependent_plugins": {},
    "modules": [
        {
            "id": "cordova-plugin-admobpro.AdMob",
            "file": "plugins/cordova-plugin-admobpro/www/AdMob.js",
            "pluginId": "cordova-plugin-admobpro",
            "clobbers": [
                "window.AdMob"
            ]
        },
        {
            "id": "cordova-hot-code-push-plugin.chcp",
            "file": "plugins/cordova-hot-code-push-plugin/www/chcp.js",
            "pluginId": "cordova-hot-code-push-plugin",
            "clobbers": [
                "chcp"
            ]
        },
        {
            "id": "cordova-plugin-splashscreen.SplashScreen",
            "file": "plugins/cordova-plugin-splashscreen/www/splashscreen.js",
            "pluginId": "cordova-plugin-splashscreen",
            "clobbers": [
                "navigator.splashscreen"
            ]
        },
        {
            "id": "siberian-plugin-backgroundgeoloc.BackgroundGeoloc",
            "file": "plugins/siberian-plugin-backgroundgeoloc/src/www/BackgroundGeoloc.js",
            "pluginId": "siberian-plugin-backgroundgeoloc",
            "clobbers": [
                "window.BackgroundGeoloc"
            ]
        },
        {
            "id": "cordova-plugin-app-version.AppVersionPlugin",
            "file": "plugins/cordova-plugin-app-version/www/AppVersionPlugin.js",
            "pluginId": "cordova-plugin-app-version",
            "clobbers": [
                "cordova.getAppVersion"
            ]
        },
        {
            "id": "com.keosu.cordova.stream.Stream",
            "file": "plugins/com.keosu.cordova.stream/www/Stream.js",
            "pluginId": "com.keosu.cordova.stream",
            "clobbers": [
                "window.Stream"
            ]
        },
        {
            "id": "phonegap-plugin-barcodescanner.BarcodeScanner",
            "file": "plugins/phonegap-plugin-barcodescanner/www/barcodescanner.js",
            "pluginId": "phonegap-plugin-barcodescanner",
            "clobbers": [
                "cordova.plugins.barcodeScanner"
            ]
        },
        {
            "id": "cordova-plugin-camera.Camera",
            "file": "plugins/cordova-plugin-camera/www/CameraConstants.js",
            "pluginId": "cordova-plugin-camera",
            "clobbers": [
                "Camera"
            ]
        },
        {
            "id": "cordova-plugin-camera.CameraPopoverOptions",
            "file": "plugins/cordova-plugin-camera/www/CameraPopoverOptions.js",
            "pluginId": "cordova-plugin-camera",
            "clobbers": [
                "CameraPopoverOptions"
            ]
        },
        {
            "id": "cordova-plugin-camera.camera",
            "file": "plugins/cordova-plugin-camera/www/Camera.js",
            "pluginId": "cordova-plugin-camera",
            "clobbers": [
                "navigator.camera"
            ]
        },
        {
            "id": "cordova-plugin-camera.CameraPopoverHandle",
            "file": "plugins/cordova-plugin-camera/www/CameraPopoverHandle.js",
            "pluginId": "cordova-plugin-camera",
            "clobbers": [
                "CameraPopoverHandle"
            ]
        },
        {
            "id": "com.verso.cordova.clipboard.Clipboard",
            "file": "plugins/com.verso.cordova.clipboard/www/clipboard.js",
            "pluginId": "com.verso.cordova.clipboard",
            "clobbers": [
                "cordova.plugins.clipboard"
            ]
        },
        {
            "id": "cordova-plugin-device.device",
            "file": "plugins/cordova-plugin-device/www/device.js",
            "pluginId": "cordova-plugin-device",
            "clobbers": [
                "device"
            ]
        },
        {
            "id": "cordova-plugin-dialogs.notification",
            "file": "plugins/cordova-plugin-dialogs/www/notification.js",
            "pluginId": "cordova-plugin-dialogs",
            "merges": [
                "navigator.notification"
            ]
        },
        {
            "id": "cordova-plugin-dialogs.notification_android",
            "file": "plugins/cordova-plugin-dialogs/www/android/notification.js",
            "pluginId": "cordova-plugin-dialogs",
            "merges": [
                "navigator.notification"
            ]
        },
        {
            "id": "cordova-plugin-file.DirectoryEntry",
            "file": "plugins/cordova-plugin-file/www/DirectoryEntry.js",
            "pluginId": "cordova-plugin-file",
            "clobbers": [
                "window.DirectoryEntry"
            ]
        },
        {
            "id": "cordova-plugin-file.DirectoryReader",
            "file": "plugins/cordova-plugin-file/www/DirectoryReader.js",
            "pluginId": "cordova-plugin-file",
            "clobbers": [
                "window.DirectoryReader"
            ]
        },
        {
            "id": "cordova-plugin-file.Entry",
            "file": "plugins/cordova-plugin-file/www/Entry.js",
            "pluginId": "cordova-plugin-file",
            "clobbers": [
                "window.Entry"
            ]
        },
        {
            "id": "cordova-plugin-file.File",
            "file": "plugins/cordova-plugin-file/www/File.js",
            "pluginId": "cordova-plugin-file",
            "clobbers": [
                "window.File"
            ]
        },
        {
            "id": "cordova-plugin-file.FileEntry",
            "file": "plugins/cordova-plugin-file/www/FileEntry.js",
            "pluginId": "cordova-plugin-file",
            "clobbers": [
                "window.FileEntry"
            ]
        },
        {
            "id": "cordova-plugin-file.FileError",
            "file": "plugins/cordova-plugin-file/www/FileError.js",
            "pluginId": "cordova-plugin-file",
            "clobbers": [
                "window.FileError"
            ]
        },
        {
            "id": "cordova-plugin-file.FileReader",
            "file": "plugins/cordova-plugin-file/www/FileReader.js",
            "pluginId": "cordova-plugin-file",
            "clobbers": [
                "window.FileReader"
            ]
        },
        {
            "id": "cordova-plugin-file.FileSystem",
            "file": "plugins/cordova-plugin-file/www/FileSystem.js",
            "pluginId": "cordova-plugin-file",
            "clobbers": [
                "window.FileSystem"
            ]
        },
        {
            "id": "cordova-plugin-file.FileUploadOptions",
            "file": "plugins/cordova-plugin-file/www/FileUploadOptions.js",
            "pluginId": "cordova-plugin-file",
            "clobbers": [
                "window.FileUploadOptions"
            ]
        },
        {
            "id": "cordova-plugin-file.FileUploadResult",
            "file": "plugins/cordova-plugin-file/www/FileUploadResult.js",
            "pluginId": "cordova-plugin-file",
            "clobbers": [
                "window.FileUploadResult"
            ]
        },
        {
            "id": "cordova-plugin-file.FileWriter",
            "file": "plugins/cordova-plugin-file/www/FileWriter.js",
            "pluginId": "cordova-plugin-file",
            "clobbers": [
                "window.FileWriter"
            ]
        },
        {
            "id": "cordova-plugin-file.Flags",
            "file": "plugins/cordova-plugin-file/www/Flags.js",
            "pluginId": "cordova-plugin-file",
            "clobbers": [
                "window.Flags"
            ]
        },
        {
            "id": "cordova-plugin-file.LocalFileSystem",
            "file": "plugins/cordova-plugin-file/www/LocalFileSystem.js",
            "pluginId": "cordova-plugin-file",
            "clobbers": [
                "window.LocalFileSystem"
            ],
            "merges": [
                "window"
            ]
        },
        {
            "id": "cordova-plugin-file.Metadata",
            "file": "plugins/cordova-plugin-file/www/Metadata.js",
            "pluginId": "cordova-plugin-file",
            "clobbers": [
                "window.Metadata"
            ]
        },
        {
            "id": "cordova-plugin-file.ProgressEvent",
            "file": "plugins/cordova-plugin-file/www/ProgressEvent.js",
            "pluginId": "cordova-plugin-file",
            "clobbers": [
                "window.ProgressEvent"
            ]
        },
        {
            "id": "cordova-plugin-file.fileSystems",
            "file": "plugins/cordova-plugin-file/www/fileSystems.js",
            "pluginId": "cordova-plugin-file"
        },
        {
            "id": "cordova-plugin-file.requestFileSystem",
            "file": "plugins/cordova-plugin-file/www/requestFileSystem.js",
            "pluginId": "cordova-plugin-file",
            "clobbers": [
                "window.requestFileSystem"
            ]
        },
        {
            "id": "cordova-plugin-file.resolveLocalFileSystemURI",
            "file": "plugins/cordova-plugin-file/www/resolveLocalFileSystemURI.js",
            "pluginId": "cordova-plugin-file",
            "merges": [
                "window"
            ]
        },
        {
            "id": "cordova-plugin-file.isChrome",
            "file": "plugins/cordova-plugin-file/www/browser/isChrome.js",
            "pluginId": "cordova-plugin-file",
            "runs": true
        },
        {
            "id": "cordova-plugin-file.androidFileSystem",
            "file": "plugins/cordova-plugin-file/www/android/FileSystem.js",
            "pluginId": "cordova-plugin-file",
            "merges": [
                "FileSystem"
            ]
        },
        {
            "id": "cordova-plugin-file.fileSystems-roots",
            "file": "plugins/cordova-plugin-file/www/fileSystems-roots.js",
            "pluginId": "cordova-plugin-file",
            "runs": true
        },
        {
            "id": "cordova-plugin-file.fileSystemPaths",
            "file": "plugins/cordova-plugin-file/www/fileSystemPaths.js",
            "pluginId": "cordova-plugin-file",
            "merges": [
                "cordova"
            ],
            "runs": true
        },
        {
            "id": "cordova-plugin-geolocation.geolocation",
            "file": "plugins/cordova-plugin-geolocation/www/android/geolocation.js",
            "pluginId": "cordova-plugin-geolocation",
            "clobbers": [
                "navigator.geolocation"
            ]
        },
        {
            "id": "cordova-plugin-geolocation.PositionError",
            "file": "plugins/cordova-plugin-geolocation/www/PositionError.js",
            "pluginId": "cordova-plugin-geolocation",
            "runs": true
        },
        {
            "id": "cordova-plugin-inappbrowser.inappbrowser",
            "file": "plugins/cordova-plugin-inappbrowser/www/inappbrowser.js",
            "pluginId": "cordova-plugin-inappbrowser",
            "clobbers": [
                "cordova.InAppBrowser.open",
                "window.open"
            ]
        },
        {
            "id": "ionic-plugin-keyboard.keyboard",
            "file": "plugins/ionic-plugin-keyboard/www/android/keyboard.js",
            "pluginId": "ionic-plugin-keyboard",
            "clobbers": [
                "cordova.plugins.Keyboard"
            ]
        },
        {
            "id": "cordova-plugin-media.MediaError",
            "file": "plugins/cordova-plugin-media/www/MediaError.js",
            "pluginId": "cordova-plugin-media",
            "clobbers": [
                "window.MediaError"
            ]
        },
        {
            "id": "cordova-plugin-media.Media",
            "file": "plugins/cordova-plugin-media/www/Media.js",
            "pluginId": "cordova-plugin-media",
            "clobbers": [
                "window.Media"
            ]
        },
        {
            "id": "de.neofonie.cordova.plugin.progressview.ProgressView",
            "file": "plugins/de.neofonie.cordova.plugin.progressview/www/ProgressView.js",
            "pluginId": "de.neofonie.cordova.plugin.progressview",
            "clobbers": [
                "window.plugins.ProgressView"
            ]
        },
        {
            "id": "cordova-plugin-x-socialsharing.SocialSharing",
            "file": "plugins/cordova-plugin-x-socialsharing/www/SocialSharing.js",
            "pluginId": "cordova-plugin-x-socialsharing",
            "clobbers": [
                "window.plugins.socialsharing"
            ]
        },
        {
            "id": "cordova-plugin-statusbar.statusbar",
            "file": "plugins/cordova-plugin-statusbar/www/statusbar.js",
            "pluginId": "cordova-plugin-statusbar",
            "clobbers": [
                "window.StatusBar"
            ]
        },
        {
            "id": "cordova-plugin-whitelist.whitelist",
            "file": "plugins/cordova-plugin-whitelist/whitelist.js",
            "pluginId": "cordova-plugin-whitelist",
            "runs": true
        },
        {
            "id": "de.appplant.cordova.plugin.local-notification.LocalNotification",
            "file": "plugins/de.appplant.cordova.plugin.local-notification/www/local-notification.js",
            "pluginId": "de.appplant.cordova.plugin.local-notification",
            "clobbers": [
                "cordova.plugins.notification.local",
                "plugin.notification.local"
            ]
        },
        {
            "id": "de.appplant.cordova.plugin.local-notification.LocalNotification.Core",
            "file": "plugins/de.appplant.cordova.plugin.local-notification/www/local-notification-core.js",
            "pluginId": "de.appplant.cordova.plugin.local-notification",
            "clobbers": [
                "cordova.plugins.notification.local.core",
                "plugin.notification.local.core"
            ]
        },
        {
            "id": "de.appplant.cordova.plugin.local-notification.LocalNotification.Util",
            "file": "plugins/de.appplant.cordova.plugin.local-notification/www/local-notification-util.js",
            "pluginId": "de.appplant.cordova.plugin.local-notification",
            "merges": [
                "cordova.plugins.notification.local.core",
                "plugin.notification.local.core"
            ]
        },
        {
            "id": "siberian-plugin-offlinemode.OfflineMode",
            "file": "plugins/siberian-plugin-offlinemode/www/OfflineMode.js",
            "pluginId": "siberian-plugin-offlinemode",
            "clobbers": [
                "window.OfflineMode"
            ]
        },
        {
            "id": "cordova-plugin-insomnia.Insomnia",
            "file": "plugins/cordova-plugin-insomnia/www/Insomnia.js",
            "pluginId": "cordova-plugin-insomnia",
            "clobbers": [
                "window.plugins.insomnia"
            ]
        },
        {
            "id": "cordova-plugin-music-controls.MusicControls",
            "file": "plugins/cordova-plugin-music-controls/www/MusicControls.js",
            "pluginId": "cordova-plugin-music-controls",
            "clobbers": [
                "MusicControls"
            ]
        }
    ],
    "plugin_metadata": {
        "cordova-plugin-extension": "1.3.0",
        "cordova-plugin-admobpro": "2.14.0",
        "cordova-hot-code-push-plugin": "1.5.2",
        "cordova-plugin-splashscreen": "4.0.0",
        "siberian-plugin-backgroundgeoloc": "1.0.0",
        "cordova-plugin-app-version": "0.1.8",
        "com.keosu.cordova.stream": "0.1",
        "cordova-plugin-compat": "1.1.0",
        "phonegap-plugin-barcodescanner": "6.0.6",
        "cordova-plugin-camera": "2.3.1-dev",
        "com.verso.cordova.clipboard": "0.1.0",
        "cordova-plugin-device": "1.1.6-dev",
        "cordova-plugin-dialogs": "1.3.3-dev",
        "cordova-plugin-file": "4.3.3-dev",
        "cordova-plugin-geolocation": "2.1.0",
        "cordova-plugin-inappbrowser": "1.7.1-dev",
        "ionic-plugin-keyboard": "2.2.1",
        "cordova-plugin-media": "2.4.1",
        "de.neofonie.cordova.plugin.progressview": "3.0.1",
        "cordova-plugin-x-socialsharing": "5.0.12-dev",
        "cordova-plugin-statusbar": "2.2.0",
        "cordova-plugin-whitelist": "1.2.1",
        "de.appplant.cordova.plugin.local-notification": "0.8.4.1",
        "siberian-plugin-offlinemode": "1.0.0",
        "cordova-plugin-insomnia": "4.2.0",
        "cordova-plugin-music-controls": "1.4.1"
    }
}